{"VrGamesDev":{"signature":"VrGamesDev","childcount":19,"type":"Namespace","name":"VrGamesDev","token":"namespace VrGamesDev","scope":"","comments":{"summary":"The main namespace that holds the base class, all the packages inherit from\n the class <a href=\"index.html#VrGamesDev.VRG_Base\">VRG_Base</a>.\n\n It also contains general purpose utility functions to handle and mofidy objects\n or simple process like destroy, unparent or rotate."}},"VrGamesDev.VRG_Announcement":{"signature":"VrGamesDev.VRG_Announcement","childcount":13,"type":"Class","name":"VRG_Announcement","token":"public class VRG_Announcement : VRG_Base ","scope":"VrGamesDev","comments":{"summary":"This class retrieve the cloud server Remote config data\n     and display a full screen pop up announcement to the user\n     Just drop the prefab in the scene you want to display the announcement"}},"VrGamesDev.VRG_Announcement.m_Settings_Date":{"signature":"VrGamesDev.VRG_Announcement.m_Settings_Date","childcount":0,"type":"Field","name":"m_Settings_Date","token":"[Header(\"From: Settings\")]\n[Tooltip(\"From VRG_Remote: The date, this is when the anncouncement was made\")]\n[SerializeField]\nprivate string m_Settings_Date ","scope":"VrGamesDev.VRG_Announcement","comments":{"summary":"From VRG_Remote: The date, this is when the anncouncement was made"}},"VrGamesDev.VRG_Announcement.m_Settings_Title":{"signature":"VrGamesDev.VRG_Announcement.m_Settings_Title","childcount":0,"type":"Field","name":"m_Settings_Title","token":"[Tooltip(\"From VRG_Remote: The title of the current anncouncement\")]\n[SerializeField]\nprivate string m_Settings_Title ","scope":"VrGamesDev.VRG_Announcement","comments":{"summary":"From VRG_Remote: The title of the current anncouncement"}},"VrGamesDev.VRG_Announcement.m_Settings_Body":{"signature":"VrGamesDev.VRG_Announcement.m_Settings_Body","childcount":0,"type":"Field","name":"m_Settings_Body","token":"[Tooltip(\"From VRG_Remote: The body of the message\")]\n[SerializeField]\nprivate string m_Settings_Body ","scope":"VrGamesDev.VRG_Announcement","comments":{"summary":"From VRG_Remote: The body of the message"}},"VrGamesDev.VRG_Announcement.m_Settings_Repeat":{"signature":"VrGamesDev.VRG_Announcement.m_Settings_Repeat","childcount":0,"type":"Field","name":"m_Settings_Repeat","token":"[Tooltip(\"From VRG_Remote: How many times will show to the user, 0 for infinite\")]\n[SerializeField]\nprivate string m_Settings_Repeat ","scope":"VrGamesDev.VRG_Announcement","comments":{"summary":"From VRG_Remote: How many times will show to the user, 0 for infinite"}},"VrGamesDev.VRG_Announcement.m_UI_Date":{"signature":"VrGamesDev.VRG_Announcement.m_UI_Date","childcount":0,"type":"Field","name":"m_UI_Date","token":"[Header(\"From: UI\")]\n[Tooltip(\"From UI: The date text container\")]\n[SerializeField]\nprivate Text m_UI_Date ","scope":"VrGamesDev.VRG_Announcement","comments":{"summary":"From UI: The date text container"}},"VrGamesDev.VRG_Announcement.m_UI_Title":{"signature":"VrGamesDev.VRG_Announcement.m_UI_Title","childcount":0,"type":"Field","name":"m_UI_Title","token":"[Tooltip(\"From UI: The Title text container\")]\n[SerializeField]\nprivate Text m_UI_Title ","scope":"VrGamesDev.VRG_Announcement","comments":{"summary":"From UI: The Title text container"}},"VrGamesDev.VRG_Announcement.m_UI_Body":{"signature":"VrGamesDev.VRG_Announcement.m_UI_Body","childcount":0,"type":"Field","name":"m_UI_Body","token":"[Tooltip(\"From UI: The Body text container\")]\n[SerializeField]\nprivate Text m_UI_Body ","scope":"VrGamesDev.VRG_Announcement","comments":{"summary":"From UI: The Body text container"}},"VrGamesDev.VRG_Base":{"signature":"VrGamesDev.VRG_Base","childcount":22,"type":"Class","name":"VRG_Base","token":"public class VRG_Base : MonoBehaviour ","scope":"VrGamesDev","comments":{"summary":"Mother class of all VrGamesDev framework, it contains all the methods\n     commonto every class, it control the flow for variables and the diferent\n     modules for internal comunication.\n     \n     it also is useful for debug and verbose control"}},"VrGamesDev.VRG_Base.m_Verbose":{"signature":"VrGamesDev.VRG_Base.m_Verbose","childcount":0,"type":"Field","name":"m_Verbose","token":"[Tooltip(\"Level of verbose, NONE for silence\")]\n[SerializeField]\nprotected ENUM_Verbose m_Verbose ","scope":"VrGamesDev.VRG_Base","comments":{"summary":"<p>Level of verbose, there are 7 level of verbose from silence up to full debug</p>\n         <p>ENUM_Verbose.NONE = Silence, none is sent to the editor log window,make sure you set all the classes on the release version of the game</p>\n         <p>ENUM_Verbose.<font color=red>ERROR</font> = When you need to show an error to the user and logs use this level of verbosing, it is for logical errors, or inconsistencies</p>\n         <p>ENUM_Verbose.<font color=yellow>WARNING</font> = Something was cheesy, and you need to show a warning if something is wacky, or strange, or unexpected, but still usable</p>\n         <p>ENUM_Verbose.<font color=orange>LOGS</font> = For general display to track some basic information to other members of your team and follow the basic flow of your game</p>\n         <p>ENUM_Verbose.<font color=green>INFO</font> = More information, ins and outs, flow of the game and useful for debug using asynchronous activities</p>\n         <p>ENUM_Verbose.<font color=blue>STATUS</font> = Very verbose, I recommend to use this level of verbosing to indicate you changed status in a class, about vars or methods</p>\n         <p>ENUM_Verbose.<font color=cyan>DEBUG</font> = The most verbose and slow, it basically shows EVERYTHING!!!</p>"}},"VrGamesDev.VRG_Base.m_IsReady":{"signature":"VrGamesDev.VRG_Base.m_IsReady","childcount":0,"type":"Field","name":"m_IsReady","token":"[Tooltip(\"The available status, ask for this property to know if it is available\")]\n[SerializeField]\nprotected bool m_IsReady ","scope":"VrGamesDev.VRG_Base","comments":{"summary":"The available status, ask for this property to know if it is available to use"}},"VrGamesDev.VRG_Base.isReady":{"signature":"VrGamesDev.VRG_Base.isReady","childcount":0,"type":"Property","name":"isReady","token":"public bool isReady { get; }","scope":"VrGamesDev.VRG_Base","comments":{"summary":"Public GET available status, ask for this property to know if it is available to use"}},"VrGamesDev.VRG_Base.Start()":{"signature":"VrGamesDev.VRG_Base.Start()","childcount":0,"type":"Method","name":"Start","token":"protected void Start()","scope":"VrGamesDev.VRG_Base","comments":{"summary":"It sets the variable <em>isReady</em> property to TRUE, all the VrGamesDev inheritance from this"}},"VrGamesDev.VRG_Base.SetReady(bool)":{"signature":"VrGamesDev.VRG_Base.SetReady(bool)","childcount":0,"type":"Method","name":"SetReady","token":"public virtual void SetReady(bool valueLocal)","scope":"VrGamesDev.VRG_Base","comments":{"summary":"Public method to change the <em>isReady</em> property","param-valueLocal":"Boolean, it is assigned to the <em>isReady</em> property, it will inform the object is no longer ready or it is"},"params":{"valueLocal":"bool"}},"VrGamesDev.VRG_Base.WAS_echo()":{"signature":"VrGamesDev.VRG_Base.WAS_echo()","childcount":0,"type":"Method","name":"WAS_echo","token":"protected void WAS_echo()","scope":"VrGamesDev.VRG_Base","comments":{"summary":"Overload single, if no parameters are given, it will show the full name of the route of the object that holds this class"}},"VrGamesDev.VRG_Base.WAS_echo(string)":{"signature":"VrGamesDev.VRG_Base.WAS_echo(string)","childcount":0,"type":"Method","name":"WAS_echo","token":"protected void WAS_echo(string valueLocal)","scope":"VrGamesDev.VRG_Base","comments":{"summary":"Overload without ENUM_Verbose, it uses for default ENUM_Verbose.INFO to display information","param-valueLocal":"The string message to send to UNITY editor"},"params":{"valueLocal":"string"}},"VrGamesDev.VRG_Base.WAS_echo(string, ENUM_Verbose)":{"signature":"VrGamesDev.VRG_Base.WAS_echo(string, ENUM_Verbose)","childcount":0,"type":"Method","name":"WAS_echo","token":"protected void WAS_echo(string valueLocal, ENUM_Verbose ENUM_VerboseLocal)","scope":"VrGamesDev.VRG_Base","comments":{"summary":"Overload display, it accepts a ENUM_VerboseLocal to custom the level of display","param-valueLocal":"The string message to send to UNITY editor","param-ENUM_VerboseLocal":"Custom Verbose level, by default is ENUM_VERBOSE.INFO"},"params":{"valueLocal":"string","ENUM_VerboseLocal":"ENUM_Verbose"}},"VrGamesDev.VRG_Base.WAS_Warning(string)":{"signature":"VrGamesDev.VRG_Base.WAS_Warning(string)","childcount":0,"type":"Method","name":"WAS_Warning","token":"protected void WAS_Warning(string valueLocal)","scope":"VrGamesDev.VRG_Base","comments":{"summary":"Warning en amarillo ignora el verbose","param-valueLocal":"The string message to send to UNITY editor"},"params":{"valueLocal":"string"}},"VrGamesDev.VRG_Base.WAS_Error(string)":{"signature":"VrGamesDev.VRG_Base.WAS_Error(string)","childcount":0,"type":"Method","name":"WAS_Error","token":"protected void WAS_Error(string valueLocal)","scope":"VrGamesDev.VRG_Base","comments":{"summary":"This method send a error to the unity editor, use it only when you know something will crash the game"},"params":{"valueLocal":"string"}},"VrGamesDev.VRG_Base.WAS_FullName()":{"signature":"VrGamesDev.VRG_Base.WAS_FullName()","childcount":0,"type":"Method","name":"WAS_FullName","token":"protected void WAS_FullName()","scope":"VrGamesDev.VRG_Base","comments":{"summary":"Overload de Full name without Params by default it provides \"Full Path\" of the object calling it"}},"VrGamesDev.VRG_Base.WAS_FullName(string)":{"signature":"VrGamesDev.VRG_Base.WAS_FullName(string)","childcount":0,"type":"Method","name":"WAS_FullName","token":"protected void WAS_FullName(string valueLocal)","scope":"VrGamesDev.VRG_Base","comments":{"summary":"Overload de Full name it provides \"Full Path\" of the object calling it and the <em>valueLocal</em> message","param-valueLocal":"The string message to send to UNITY editor"},"params":{"valueLocal":"string"}},"VrGamesDev.VRG_Base.WAS_FullName(string, ENUM_Verbose)":{"signature":"VrGamesDev.VRG_Base.WAS_FullName(string, ENUM_Verbose)","childcount":0,"type":"Method","name":"WAS_FullName","token":"protected void WAS_FullName(string valueLocal, ENUM_Verbose ENUM_VerboseLocal)","scope":"VrGamesDev.VRG_Base","comments":{"summary":"Overload de Full name it provides \"Full Path\" of the object calling it and the <em>valueLocal</em> message, only if the Verbose is equal or higher than the one from object","param-valueLocal":"The string message to send to UNITY editor","param-ENUM_VerboseLocal":"Custom Verbose level, by default is ENUM_VERBOSE.INFO"},"params":{"valueLocal":"string","ENUM_VerboseLocal":"ENUM_Verbose"}},"VrGamesDev.VRG_Base.ApplyRemoteSettings(ConfigResponse)":{"signature":"VrGamesDev.VRG_Base.ApplyRemoteSettings(ConfigResponse)","childcount":0,"type":"Method","name":"ApplyRemoteSettings","token":"protected virtual void ApplyRemoteSettings(ConfigResponse configResponse)","scope":"VrGamesDev.VRG_Base","comments":{"summary":"Delegated virtual function to wait and check for the remote settings and data","param-configResponse":"A regular <a href=\"https://docs.unity3d.com/Packages/com.unity.remote-config@1.1/api/Unity.RemoteConfig.ConfigResponse.html\">configResponse</a>"},"params":{"configResponse":"ConfigResponse"}},"VrGamesDev.VRG_Base.RemoteSettings_Default()":{"signature":"VrGamesDev.VRG_Base.RemoteSettings_Default()","childcount":0,"type":"Method","name":"RemoteSettings_Default","token":"protected virtual void RemoteSettings_Default()","scope":"VrGamesDev.VRG_Base","comments":{"summary":"When the ApplyRemoteSettings resolve the petition, the <a href=\"https://docs.unity3d.com/Packages/com.unity.remote-config@1.1/api/Unity.RemoteConfig.ConfigOrigin.html\">Default option</a>"}},"VrGamesDev.VRG_Base.RemoteSettings_Cached()":{"signature":"VrGamesDev.VRG_Base.RemoteSettings_Cached()","childcount":0,"type":"Method","name":"RemoteSettings_Cached","token":"protected virtual void RemoteSettings_Cached()","scope":"VrGamesDev.VRG_Base","comments":{"summary":"When the ApplyRemoteSettings resolve the petition, the <a href=\"https://docs.unity3d.com/Packages/com.unity.remote-config@1.1/api/Unity.RemoteConfig.ConfigOrigin.html\">Cached option</a>"}},"VrGamesDev.VRG_Base.RemoteSettings_Remote()":{"signature":"VrGamesDev.VRG_Base.RemoteSettings_Remote()","childcount":0,"type":"Method","name":"RemoteSettings_Remote","token":"protected virtual void RemoteSettings_Remote()","scope":"VrGamesDev.VRG_Base","comments":{"summary":"When the ApplyRemoteSettings resolve the petition, the <a href=\"https://docs.unity3d.com/Packages/com.unity.remote-config@1.1/api/Unity.RemoteConfig.ConfigOrigin.html\">Remote option</a>"}},"VrGamesDev.VRG_Base.Logs(string, string, ENUM_Verbose)":{"signature":"VrGamesDev.VRG_Base.Logs(string, string, ENUM_Verbose)","childcount":0,"type":"Method","name":"Logs","token":"protected virtual void Logs(string valueLocal, string sourceLocal, ENUM_Verbose ENUM_VerboseLocal)","scope":"VrGamesDev.VRG_Base","comments":{"summary":"VRG_Logs wrapper, this method, send any message to the VRG_Logs singleton","param-valueLocal":"The message to log","param-sourceLocal":"From where the messag was sent, Use the format <strong><em>Class->Method()</em></strong>","param-ENUM_VerboseLocal":"Custom Verbose level, to be logged it should be equal or higher than the one defined in the VRG_Remote"},"params":{"valueLocal":"string","sourceLocal":"string","ENUM_VerboseLocal":"ENUM_Verbose"}},"VrGamesDev.VRG_RemoteBool":{"signature":"VrGamesDev.VRG_RemoteBool","childcount":2,"type":"Struct","name":"VRG_RemoteBool","token":"[System.Serializable]\npublic struct VRG_RemoteBool ","scope":"VrGamesDev","comments":{"summary":"Struct that save the local Booleans settings for the VRG_Remote, just for testing,\n     use the <a href=\"https://docs.unity3d.com/Packages/com.unity.remote-config@1.2/manual/index.html\">Unity Remote Config</a> module"}},"VrGamesDev.VRG_RemoteInt":{"signature":"VrGamesDev.VRG_RemoteInt","childcount":2,"type":"Struct","name":"VRG_RemoteInt","token":"[System.Serializable]\npublic struct VRG_RemoteInt ","scope":"VrGamesDev","comments":{"summary":"Struct that save the local Integers settings for the VRG_Remote, just for testing,\n     Use the <a href=\"https://docs.unity3d.com/Packages/com.unity.remote-config@1.2/manual/index.html\">Unity Remote Config</a> module"}},"VrGamesDev.VRG_RemoteString":{"signature":"VrGamesDev.VRG_RemoteString","childcount":2,"type":"Struct","name":"VRG_RemoteString","token":"[System.Serializable]\npublic struct VRG_RemoteString ","scope":"VrGamesDev","comments":{"summary":"Struct that save the local Strings settings for the VRG_Remote, just for testing,\n     Use the <a href=\"https://docs.unity3d.com/Packages/com.unity.remote-config@1.2/manual/index.html\">Unity Remote Config</a> module"}},"VrGamesDev.ENUM_Verbose":{"signature":"VrGamesDev.ENUM_Verbose","childcount":8,"type":"Enum","name":"ENUM_Verbose","token":"public enum ENUM_Verbose ","scope":"VrGamesDev","comments":{"summary":"Level of verbose, there are 7 level of verbose from silence up to full debug"}},"VrGamesDev.ENUM_Verbose.NONE":{"signature":"VrGamesDev.ENUM_Verbose.NONE","childcount":0,"type":"EnumValue","name":"NONE","token":"NONE = 0","scope":"VrGamesDev.ENUM_Verbose","comments":{"summary":"ENUM_Verbose.NONE = Silence, none is sent to the editor log window,make sure you set all the classes on the release version of the game"}},"VrGamesDev.ENUM_Verbose.ERROR":{"signature":"VrGamesDev.ENUM_Verbose.ERROR","childcount":0,"type":"EnumValue","name":"ERROR","token":"ERROR = 1","scope":"VrGamesDev.ENUM_Verbose","comments":{"summary":"ENUM_Verbose.<font color = red > ERROR </font> = When you need to show an error to the user and logs use this level of verbosing, it is for logical errors, or inconsistencies"}},"VrGamesDev.ENUM_Verbose.WARNING":{"signature":"VrGamesDev.ENUM_Verbose.WARNING","childcount":0,"type":"EnumValue","name":"WARNING","token":"WARNING = 2","scope":"VrGamesDev.ENUM_Verbose","comments":{"summary":"ENUM_Verbose.<font color = yellow > WARNING </font> = Something was cheesy, and you need to show a warning if something is wacky, or strange, or unexpected, but still usable"}},"VrGamesDev.ENUM_Verbose.LOGS":{"signature":"VrGamesDev.ENUM_Verbose.LOGS","childcount":0,"type":"EnumValue","name":"LOGS","token":"LOGS = 3","scope":"VrGamesDev.ENUM_Verbose","comments":{"summary":"ENUM_Verbose.<font color = orange > LOGS </font> = For general display to track some basic information to other members of your team and follow the basic flow of your game"}},"VrGamesDev.ENUM_Verbose.INFO":{"signature":"VrGamesDev.ENUM_Verbose.INFO","childcount":0,"type":"EnumValue","name":"INFO","token":"INFO = 4","scope":"VrGamesDev.ENUM_Verbose","comments":{"summary":"ENUM_Verbose.<font color = green > INFO </font> = More information, ins and outs, flow of the game and useful for debug using asynchronous activities"}},"VrGamesDev.ENUM_Verbose.STATUS":{"signature":"VrGamesDev.ENUM_Verbose.STATUS","childcount":0,"type":"EnumValue","name":"STATUS","token":"STATUS = 5","scope":"VrGamesDev.ENUM_Verbose","comments":{"summary":"ENUM_Verbose.<font color=blue>STATUS</font> = Very verbose, I recommend to use this level of verbosing to indicate you changed status in a class, about vars or methods"}},"VrGamesDev.ENUM_Verbose.DEBUG":{"signature":"VrGamesDev.ENUM_Verbose.DEBUG","childcount":0,"type":"EnumValue","name":"DEBUG","token":"DEBUG = 6","scope":"VrGamesDev.ENUM_Verbose","comments":{"summary":"ENUM_Verbose.<font color = cyan > DEBUG </font> = The most verbose and slow, it basically shows EVERYTHING!!!"}},"VrGamesDev.ENUM_Verbose.COUNT":{"signature":"VrGamesDev.ENUM_Verbose.COUNT","childcount":0,"type":"EnumValue","name":"COUNT","token":"COUNT","scope":"VrGamesDev.ENUM_Verbose","comments":{"summary":"Total elements of this ENUM, useful for IF's"}},"VrGamesDev.VRG_Fader":{"signature":"VrGamesDev.VRG_Fader","childcount":16,"type":"Class","name":"VRG_Fader","token":"public class VRG_Fader : VRG_Base ","scope":"VrGamesDev","comments":{"summary":"This class modify the alpha value of an element <a href=\"https://docs.unity3d.com/Packages/com.unity.ugui@1.0/manual/class-CanvasGroup.html\">Canvas group</a>\n     It can fade in and fade out, it has events on every step to inform the other objects"}},"VrGamesDev.VRG_Fader.m_CanvasGroup":{"signature":"VrGamesDev.VRG_Fader.m_CanvasGroup","childcount":0,"type":"Field","name":"m_CanvasGroup","token":"[Tooltip(\"Canvas group that has the alpha property\")]\n[SerializeField]\nprivate CanvasGroup m_CanvasGroup ","scope":"VrGamesDev.VRG_Fader","comments":{"summary":"Canvas group that has the alpha property"}},"VrGamesDev.VRG_Fader.m_GameObjects":{"signature":"VrGamesDev.VRG_Fader.m_GameObjects","childcount":0,"type":"Field","name":"m_GameObjects","token":"[Tooltip(\"The items to turn on when the fade occurs\")]\n[SerializeField]\nprivate GameObject[] m_GameObjects ","scope":"VrGamesDev.VRG_Fader","comments":{"summary":"Array that can activate some gameobjects, When it starts the fading"}},"VrGamesDev.VRG_Fader.m_FadeInDelay":{"signature":"VrGamesDev.VRG_Fader.m_FadeInDelay","childcount":0,"type":"Field","name":"m_FadeInDelay","token":"[Header(\"From: Fade In\")]\n[Tooltip(\"How long will wait before it apply the fade in\")]\n[SerializeField]\nprivate float m_FadeInDelay ","scope":"VrGamesDev.VRG_Fader","comments":{"summary":"How long will wait before it apply the fade in"}},"VrGamesDev.VRG_Fader.m_FadeInDuration":{"signature":"VrGamesDev.VRG_Fader.m_FadeInDuration","childcount":0,"type":"Field","name":"m_FadeInDuration","token":"[Tooltip(\"The duration of the Fade In from 0% to 100%\")]\n[SerializeField]\nprivate float m_FadeInDuration ","scope":"VrGamesDev.VRG_Fader","comments":{"summary":"The duration in seconds for how long will it takes to apply the fade to alpha 100%"}},"VrGamesDev.VRG_Fader.m_FadeOutDelay":{"signature":"VrGamesDev.VRG_Fader.m_FadeOutDelay","childcount":0,"type":"Field","name":"m_FadeOutDelay","token":"[Header(\"From: Fade Out\")]\n[Tooltip(\"How long will wait before it apply the fade out\")]\n[SerializeField]\nprivate float m_FadeOutDelay ","scope":"VrGamesDev.VRG_Fader","comments":{"summary":"How long will wait before it apply the fade out"}},"VrGamesDev.VRG_Fader.m_FadeOutDuration":{"signature":"VrGamesDev.VRG_Fader.m_FadeOutDuration","childcount":0,"type":"Field","name":"m_FadeOutDuration","token":"[Tooltip(\"How long will take to apply the fade\")]\n[SerializeField]\nprivate float m_FadeOutDuration ","scope":"VrGamesDev.VRG_Fader","comments":{"summary":"The duration in seconds for how long will it takes to apply the fade to alpha 0%"}},"VrGamesDev.VRG_Fader.OnFadeIn":{"signature":"VrGamesDev.VRG_Fader.OnFadeIn","childcount":0,"type":"Field","name":"OnFadeIn","token":"public event Action OnFadeIn ","scope":"VrGamesDev.VRG_Fader","comments":{"summary":"Public Event: Trigers ON = When the scene is unloaded and it is over, this event is triggered"}},"VrGamesDev.VRG_Fader.OnFadeOut":{"signature":"VrGamesDev.VRG_Fader.OnFadeOut","childcount":0,"type":"Field","name":"OnFadeOut","token":"public event Action OnFadeOut ","scope":"VrGamesDev.VRG_Fader","comments":{"summary":"Public Event: Trigers ON = When the scene is unloaded and it is over, this event is triggered"}},"VrGamesDev.VRG_Fader.SetAutoFade(bool)":{"signature":"VrGamesDev.VRG_Fader.SetAutoFade(bool)","childcount":0,"type":"Method","name":"SetAutoFade","token":"public void SetAutoFade(bool valueLocal)","scope":"VrGamesDev.VRG_Fader","comments":{"summary":"Public Method to stop the auto transition from fade in and fade out","param-valueLocal":"bool, true for auto transition"},"params":{"valueLocal":"bool"}},"VrGamesDev.VRG_Fader.Fade(bool)":{"signature":"VrGamesDev.VRG_Fader.Fade(bool)","childcount":0,"type":"Method","name":"Fade","token":"public void Fade(bool valueLocal)","scope":"VrGamesDev.VRG_Fader","comments":{"summary":"Public method, to start the fading process","param-valueLocal":"<strong>TRUE</strong> = Fade in<br></br>\r\n         <strong>FALSE</strong> = Fade out"},"params":{"valueLocal":"bool"}},"VrGamesDev.VRG_Remote":{"signature":"VrGamesDev.VRG_Remote","childcount":8,"type":"Class","name":"VRG_Remote","token":"public class VRG_Remote : VRG_Base ","scope":"VrGamesDev","comments":{"summary":"This class control the remote settings, Local or from the unity cloud server\n     You can override the remote data if you use the local arrays"}},"VrGamesDev.VRG_Remote.m_Bools":{"signature":"VrGamesDev.VRG_Remote.m_Bools","childcount":0,"type":"Field","name":"m_Bools","token":"[Header(\"From: Remote\")]\n[Tooltip(\"LOCAL: the Bool data that override the remote settings\")]\n[SerializeField]\nprivate VRG_RemoteBool[] m_Bools ","scope":"VrGamesDev.VRG_Remote","comments":{"summary":"LOCAL: the Bool array that override the remote settings"}},"VrGamesDev.VRG_Remote.m_Ints":{"signature":"VrGamesDev.VRG_Remote.m_Ints","childcount":0,"type":"Field","name":"m_Ints","token":"[Tooltip(\"LOCAL: the Int data that override the remote settings\")]\n[SerializeField]\nprivate VRG_RemoteInt[] m_Ints ","scope":"VrGamesDev.VRG_Remote","comments":{"summary":"LOCAL: the Int data that override the remote settings"}},"VrGamesDev.VRG_Remote.m_Strings":{"signature":"VrGamesDev.VRG_Remote.m_Strings","childcount":0,"type":"Field","name":"m_Strings","token":"[Tooltip(\"LOCAL: the String data that override the remote settings\")]\n[SerializeField]\nprivate VRG_RemoteString[] m_Strings ","scope":"VrGamesDev.VRG_Remote","comments":{"summary":"LOCAL: the String data that override the remote settings"}},"VrGamesDev.VRG_Session":{"signature":"VrGamesDev.VRG_Session","childcount":15,"type":"Class","name":"VRG_Session","token":"public class VRG_Session : VRG_Base ","scope":"VrGamesDev","comments":{"summary":"Handle and encapsulate the session data, persistant over the game sessions\n     The class can be used without instantiationm and will use sufixes to know\n     what data is from VrGamesDev packages from other software\n     For more information: <a href=\"https://docs.unity3d.com/ScriptReference/PlayerPrefs.html\">Unity PlayerPrefs</a>"}},"VrGamesDev.VRG_Session.m_Sufix":{"signature":"VrGamesDev.VRG_Session.m_Sufix","childcount":0,"type":"Field","name":"m_Sufix","token":"[Tooltip(\"The Main sufix of all the date of VrGamesDev Package\")]\n[SerializeField]\npublic static string m_Sufix ","scope":"VrGamesDev.VRG_Session","comments":{"summary":"The Main sufix of all the date of VrGamesDev Package"}},"VrGamesDev.VRG_Session.m_Separation":{"signature":"VrGamesDev.VRG_Session.m_Separation","childcount":0,"type":"Field","name":"m_Separation","token":"[Tooltip(\"The Main separator from an Object and its data\")]\n[SerializeField]\npublic static string m_Separation ","scope":"VrGamesDev.VRG_Session","comments":{"summary":"The Main separator from an Object and its data"}},"VrGamesDev.VRG_Session.m_Class":{"signature":"VrGamesDev.VRG_Session.m_Class","childcount":0,"type":"Field","name":"m_Class","token":"[Tooltip(\"The Main sufix of all the data of VrGamesDev Package\")]\n[SerializeField]\npublic static string m_Class ","scope":"VrGamesDev.VRG_Session","comments":{"summary":"The Main sufix of all the data of VrGamesDev Package"}},"VrGamesDev.VRG_Session.m_IsModified":{"signature":"VrGamesDev.VRG_Session.m_IsModified","childcount":0,"type":"Field","name":"m_IsModified","token":"[Tooltip(\"Just Save in case it was modified\")]\n[SerializeField]\npublic static bool m_IsModified ","scope":"VrGamesDev.VRG_Session","comments":{"summary":"Just Save in case it was modified"}},"VrGamesDev.VRG_Session.Instance":{"signature":"VrGamesDev.VRG_Session.Instance","childcount":0,"type":"Field","name":"Instance","token":"public static VRG_Session Instance ","scope":"VrGamesDev.VRG_Session","comments":{"summary":"Singleton pattern, Instance is the variable that hold the data in case of instantiating."}},"VrGamesDev.VRG_Session.SessionName(string, string)":{"signature":"VrGamesDev.VRG_Session.SessionName(string, string)","childcount":0,"type":"Method","name":"SessionName","token":"public static string SessionName(string sObjectLocal, string sDataLocal)","scope":"VrGamesDev.VRG_Session","comments":{"summary":"Get the session name, it uses the suffix and separation and all the data to save.","returns":"The string of the session","param-sObjectLocal":"The Object owner of the data","param-sDataLocal":"The data to query"},"params":{"sObjectLocal":"string","sDataLocal":"string"}},"VrGamesDev.VRG_Session.String(string, string)":{"signature":"VrGamesDev.VRG_Session.String(string, string)","childcount":0,"type":"Method","name":"String","token":"public static string String(string sObjectLocal, string sDataLocal)","scope":"VrGamesDev.VRG_Session","comments":{"summary":"Query a string from the persistant data","returns":"The string queried","param-sObjectLocal":"The object to query","param-sDataLocal":"The data of the object"},"params":{"sObjectLocal":"string","sDataLocal":"string"}},"VrGamesDev.VRG_Session.String(string, string, string)":{"signature":"VrGamesDev.VRG_Session.String(string, string, string)","childcount":0,"type":"Method","name":"String","token":"public static void String(string sObjectLocal, string sDataLocal, string valueLocal)","scope":"VrGamesDev.VRG_Session","comments":{"summary":"Overloaded funtion: Save the string sent in the <strong>valueLocal</strong> Data into the persistant data","param-sObjectLocal":"The object to query","param-sDataLocal":"The data of the object","param-valueLocal":"The value of the string to save"},"params":{"sObjectLocal":"string","sDataLocal":"string","valueLocal":"string"}},"VrGamesDev.VRG_Session.Float(string, string)":{"signature":"VrGamesDev.VRG_Session.Float(string, string)","childcount":0,"type":"Method","name":"Float","token":"public static float Float(string sObjectLocal, string sDataLocal)","scope":"VrGamesDev.VRG_Session","comments":{"summary":"Query a float from the persistant data","returns":"The float queried","param-sObjectLocal":"The object to query","param-sDataLocal":"The data of the object"},"params":{"sObjectLocal":"string","sDataLocal":"string"}},"VrGamesDev.VRG_Session.Float(string, string, float)":{"signature":"VrGamesDev.VRG_Session.Float(string, string, float)","childcount":0,"type":"Method","name":"Float","token":"public static void Float(string sObjectLocal, string sDataLocal, float valueLocal)","scope":"VrGamesDev.VRG_Session","comments":{"summary":"Overloaded funtion: Save the float sent in the <strong>valueLocal</strong> Data into the persistant data","param-sObjectLocal":"The object to query","param-sDataLocal":"The data of the object","param-valueLocal":"The value of the float to save"},"params":{"sObjectLocal":"string","sDataLocal":"string","valueLocal":"float"}},"VrGamesDev.VRG_Session.Int(string, string)":{"signature":"VrGamesDev.VRG_Session.Int(string, string)","childcount":0,"type":"Method","name":"Int","token":"public static int Int(string sObjectLocal, string sDataLocal)","scope":"VrGamesDev.VRG_Session","comments":{"summary":"Query am Int from the persistant data","returns":"The Int queried","param-sObjectLocal":"The object to query","param-sDataLocal":"The data of the object"},"params":{"sObjectLocal":"string","sDataLocal":"string"}},"VrGamesDev.VRG_Session.Int(string, string, int)":{"signature":"VrGamesDev.VRG_Session.Int(string, string, int)","childcount":0,"type":"Method","name":"Int","token":"public static void Int(string sObjectLocal, string sDataLocal, int valueLocal)","scope":"VrGamesDev.VRG_Session","comments":{"summary":"Overloaded funtion: Save the Int sent in the <strong>valueLocal</strong> Data into the persistant data","param-sObjectLocal":"The object to query","param-sDataLocal":"The data of the object","param-valueLocal":"The value of the Int to save"},"params":{"sObjectLocal":"string","sDataLocal":"string","valueLocal":"int"}},"VrGamesDev.VRG_Session.Add(string, string)":{"signature":"VrGamesDev.VRG_Session.Add(string, string)","childcount":0,"type":"Method","name":"Add","token":"public static int Add(string sObjectLocal, string sDataLocal)","scope":"VrGamesDev.VRG_Session","comments":{"summary":"Overloaded funtion: Increase++ the <strong>sDataLocal</strong> into the persistant data","param-sObjectLocal":"The object to query","param-sDataLocal":"The data of the object"},"params":{"sObjectLocal":"string","sDataLocal":"string"}},"VrGamesDev.VRG_Delayed":{"signature":"VrGamesDev.VRG_Delayed","childcount":9,"type":"Class","name":"VRG_Delayed","token":"public class VRG_Delayed : VRG_Base ","scope":"VrGamesDev","comments":{"summary":"This class allows to activate, deactivate, toogle or destroy many items of the scene\n     it will be delayed for some seconds, instant or the next frame"}},"VrGamesDev.VRG_Delayed.m_Delay":{"signature":"VrGamesDev.VRG_Delayed.m_Delay","childcount":0,"type":"Field","name":"m_Delay","token":"[Tooltip(\"The time it will wait to perform the actions\")]\n[SerializeField]\nprivate float m_Delay ","scope":"VrGamesDev.VRG_Delayed","comments":{"summary":"The time it will wait to perform the actions"}},"VrGamesDev.VRG_Delayed.m_NextFrame":{"signature":"VrGamesDev.VRG_Delayed.m_NextFrame","childcount":0,"type":"Field","name":"m_NextFrame","token":"[Tooltip(\"If it will wait until the next frame, useful if used on coroutines\")]\n[SerializeField]\nprivate bool m_NextFrame ","scope":"VrGamesDev.VRG_Delayed","comments":{"summary":"If it will wait until the next frame, useful if used on coroutines"}},"VrGamesDev.VRG_Delayed.m_SelfTurnOff":{"signature":"VrGamesDev.VRG_Delayed.m_SelfTurnOff","childcount":0,"type":"Field","name":"m_SelfTurnOff","token":"[Tooltip(\"If it will turn off after it's done.\")]\n[SerializeField]\nprivate bool m_SelfTurnOff ","scope":"VrGamesDev.VRG_Delayed","comments":{"summary":"If it will turn off after it's done."}},"VrGamesDev.VRG_Delayed.m_Toogle":{"signature":"VrGamesDev.VRG_Delayed.m_Toogle","childcount":0,"type":"Field","name":"m_Toogle","token":"[Tooltip(\"Array of the transform to toogle, if on, then it will become off, and viceversa\")]\n[SerializeField]\nprivate Transform[] m_Toogle ","scope":"VrGamesDev.VRG_Delayed","comments":{"summary":"Array of the transform to toogle, if on, then it will become off, and viceversa"}},"VrGamesDev.VRG_Delayed.m_Activate":{"signature":"VrGamesDev.VRG_Delayed.m_Activate","childcount":0,"type":"Field","name":"m_Activate","token":"[Tooltip(\"asd\")]\n[SerializeField]\nprivate Transform[] m_Activate ","scope":"VrGamesDev.VRG_Delayed","comments":{"summary":"Array of the transform to activate <em>setActive(true)</em>"}},"VrGamesDev.VRG_Delayed.m_Deactivate":{"signature":"VrGamesDev.VRG_Delayed.m_Deactivate","childcount":0,"type":"Field","name":"m_Deactivate","token":"[Tooltip(\"asd\")]\n[SerializeField]\nprivate Transform[] m_Deactivate ","scope":"VrGamesDev.VRG_Delayed","comments":{"summary":"Array of the transform to deactivate <em>setActive(false)</em>"}},"VrGamesDev.VRG_Delayed.m_Destroy":{"signature":"VrGamesDev.VRG_Delayed.m_Destroy","childcount":0,"type":"Field","name":"m_Destroy","token":"[Tooltip(\"asd\")]\n[SerializeField]\nprivate Transform[] m_Destroy ","scope":"VrGamesDev.VRG_Delayed","comments":{"summary":"Array of the transform to destroy"}},"VrGamesDev.VRG_Destroy":{"signature":"VrGamesDev.VRG_Destroy","childcount":7,"type":"Class","name":"VRG_Destroy","token":"public class VRG_Destroy : VRG_Base ","scope":"VrGamesDev","comments":{"summary":"Destroy a GameObject after some time, it could destroy itself or its parent"}},"VrGamesDev.VRG_Destroy.m_Delay":{"signature":"VrGamesDev.VRG_Destroy.m_Delay","childcount":0,"type":"Field","name":"m_Delay","token":"[Tooltip(\"The time it will wait to perform the actions\")]\n[SerializeField]\nprivate float m_Delay ","scope":"VrGamesDev.VRG_Destroy","comments":{"summary":"The time it will wait to perform the actions"}},"VrGamesDev.VRG_Destroy.m_NextFrame":{"signature":"VrGamesDev.VRG_Destroy.m_NextFrame","childcount":0,"type":"Field","name":"m_NextFrame","token":"[Tooltip(\"If it will wait until the next frame, useful if used on coroutines\")]\n[SerializeField]\nprivate bool m_NextFrame ","scope":"VrGamesDev.VRG_Destroy","comments":{"summary":"If it will wait until the next frame, useful if used on coroutines"}},"VrGamesDev.VRG_Destroy.m_Parent":{"signature":"VrGamesDev.VRG_Destroy.m_Parent","childcount":0,"type":"Field","name":"m_Parent","token":"[Tooltip(\"If false, i will destroy myself, if true, i will destroy my parent (myself included)\")]\n[SerializeField]\nprivate bool m_Parent ","scope":"VrGamesDev.VRG_Destroy","comments":{"summary":"If false, i will destroy myself, if true, i will destroy my parent (myself included)"}},"VrGamesDev.VRG_DontDestroyOnLoad":{"signature":"VrGamesDev.VRG_DontDestroyOnLoad","childcount":1,"type":"Class","name":"VRG_DontDestroyOnLoad","token":"public class VRG_DontDestroyOnLoad : VRG_Base ","scope":"VrGamesDev","comments":{"summary":"This class makes a class not destroyable on load <a href=\"https://docs.unity3d.com/ScriptReference/Object.DontDestroyOnLoad.html\"><em><strong>Object.DontDestroyOnLoad(this);</strong></em></a>"}},"VrGamesDev.VRG_Rotate":{"signature":"VrGamesDev.VRG_Rotate","childcount":11,"type":"Class","name":"VRG_Rotate","token":"public class VRG_Rotate : VRG_Base ","scope":"VrGamesDev","comments":{"summary":"Class that rotates a GameObject in X,Y,X, simple and effective\n     0 for no rotation\n     Positive and negative values, will rotate"}},"VrGamesDev.VRG_Rotate.m_XRandom":{"signature":"VrGamesDev.VRG_Rotate.m_XRandom","childcount":0,"type":"Field","name":"m_XRandom","token":"[Tooltip(\"If it needs to start random in X axis\")]\n[SerializeField]\nprivate bool m_XRandom ","scope":"VrGamesDev.VRG_Rotate","comments":{"summary":"If it needs to start random in X axis"}},"VrGamesDev.VRG_Rotate.m_YRandom":{"signature":"VrGamesDev.VRG_Rotate.m_YRandom","childcount":0,"type":"Field","name":"m_YRandom","token":"[Tooltip(\"If it needs to start random in Y axis\")]\n[SerializeField]\nprivate bool m_YRandom ","scope":"VrGamesDev.VRG_Rotate","comments":{"summary":"If it needs to start random in Y axis"}},"VrGamesDev.VRG_Rotate.m_ZRandom":{"signature":"VrGamesDev.VRG_Rotate.m_ZRandom","childcount":0,"type":"Field","name":"m_ZRandom","token":"[Tooltip(\"If it needs to start random in Z axis\")]\n[SerializeField]\nprivate bool m_ZRandom ","scope":"VrGamesDev.VRG_Rotate","comments":{"summary":"If it needs to start random in Z axis"}},"VrGamesDev.VRG_Rotate.m_XSpeed":{"signature":"VrGamesDev.VRG_Rotate.m_XSpeed","childcount":0,"type":"Field","name":"m_XSpeed","token":"[Tooltip(\"Rotation speed in X axis\")]\n[SerializeField]\nprivate float m_XSpeed ","scope":"VrGamesDev.VRG_Rotate","comments":{"summary":"Rotation speed in X axis"}},"VrGamesDev.VRG_Rotate.m_YSpeed":{"signature":"VrGamesDev.VRG_Rotate.m_YSpeed","childcount":0,"type":"Field","name":"m_YSpeed","token":"[Tooltip(\"Rotation speed in Y axis\")]\n[SerializeField]\nprivate float m_YSpeed ","scope":"VrGamesDev.VRG_Rotate","comments":{"summary":"Rotation speed in Y axis"}},"VrGamesDev.VRG_Rotate.m_ZSpeed":{"signature":"VrGamesDev.VRG_Rotate.m_ZSpeed","childcount":0,"type":"Field","name":"m_ZSpeed","token":"[Tooltip(\"Rotation speed in Z axis\")]\n[SerializeField]\nprivate float m_ZSpeed ","scope":"VrGamesDev.VRG_Rotate","comments":{"summary":"Rotation speed in Z axis"}},"VrGamesDev.VRG_Unparent":{"signature":"VrGamesDev.VRG_Unparent","childcount":2,"type":"Class","name":"VRG_Unparent","token":"public class VRG_Unparent : VRG_Base ","scope":"VrGamesDev","comments":{"summary":"It unparents the GameObject and makes the <em>m_Parent</em> gameObject the new parent"}},"VrGamesDev.VRG_Unparent.m_Parent":{"signature":"VrGamesDev.VRG_Unparent.m_Parent","childcount":0,"type":"Field","name":"m_Parent","token":"[Tooltip(\"The future parent when this object enables\")]\n[SerializeField]\nprotected GameObject m_Parent ","scope":"VrGamesDev.VRG_Unparent","comments":{"summary":"The future parent when this object enables"}},"VrGamesDev.DDuA.Examples":{"signature":"VrGamesDev.DDuA.Examples","childcount":5,"type":"Namespace","name":"VrGamesDev.DDuA.Examples","token":"namespace VrGamesDev.DDuA.Examples","scope":"","comments":{"summary":"This namespaces includes the classes needed to manipulate the addressables\n in the examples provided, they include releasing, instanciating, modify them\n and other basic stuff needed to create a game"}},"VrGamesDev.DDuA.Examples.VRG_SpawnRandomItem":{"signature":"VrGamesDev.DDuA.Examples.VRG_SpawnRandomItem","childcount":6,"type":"Class","name":"VRG_SpawnRandomItem","token":"public class VRG_SpawnRandomItem : VRG_Base ","scope":"VrGamesDev.DDuA.Examples","comments":{"summary":"Class that controls the spawn and duration time of the example 03 Spawner"}},"VrGamesDev.DDuA.Examples.VRG_SpawnRandomItem.m_Material":{"signature":"VrGamesDev.DDuA.Examples.VRG_SpawnRandomItem.m_Material","childcount":0,"type":"Field","name":"m_Material","token":"[Tooltip(\"The material to modify the colors\")]\n[SerializeField]\npublic Renderer m_Material ","scope":"VrGamesDev.DDuA.Examples.VRG_SpawnRandomItem","comments":{"summary":"The material to modify the colors"}},"VrGamesDev.DDuA.Examples.VRG_SpawnRandomItem.m_X":{"signature":"VrGamesDev.DDuA.Examples.VRG_SpawnRandomItem.m_X","childcount":0,"type":"Field","name":"m_X","token":"[Tooltip(\"Random position to spawn in the X coordinates\")]\n[SerializeField]\nprivate Vector2 m_X ","scope":"VrGamesDev.DDuA.Examples.VRG_SpawnRandomItem","comments":{"summary":"Random position to spawn in the X coordinates"}},"VrGamesDev.DDuA.Examples.VRG_SpawnRandomItem.m_Y":{"signature":"VrGamesDev.DDuA.Examples.VRG_SpawnRandomItem.m_Y","childcount":0,"type":"Field","name":"m_Y","token":"[Tooltip(\"Random position to spawn in the Y coordinates\")]\n[SerializeField]\nprivate Vector2 m_Y ","scope":"VrGamesDev.DDuA.Examples.VRG_SpawnRandomItem","comments":{"summary":"Random position to spawn in the Y coordinates"}},"VrGamesDev.DDuA.Examples.VRG_SpawnRandomItem.m_Duration":{"signature":"VrGamesDev.DDuA.Examples.VRG_SpawnRandomItem.m_Duration","childcount":0,"type":"Field","name":"m_Duration","token":"[Tooltip(\"Duration in seconds before it dissapears\")]\n[SerializeField]\nprivate Vector2 m_Duration ","scope":"VrGamesDev.DDuA.Examples.VRG_SpawnRandomItem","comments":{"summary":"Duration in seconds before it dissapears"}},"VrGamesDev.DDuA.Examples.VRG_Spawner":{"signature":"VrGamesDev.DDuA.Examples.VRG_Spawner","childcount":6,"type":"Class","name":"VRG_Spawner","token":"public class VRG_Spawner : VRG_Base ","scope":"VrGamesDev.DDuA.Examples","comments":{"summary":"This class controls the mechanics of the example DDuA/03 Spawner\n     Custom the duration and number of random spawns before they dissapears"}},"VrGamesDev.DDuA.Examples.VRG_Spawner.m_Spawns":{"signature":"VrGamesDev.DDuA.Examples.VRG_Spawner.m_Spawns","childcount":0,"type":"Field","name":"m_Spawns","token":"[Tooltip(\"The array of the items to spawn, it should be an address name valid\")]\n[SerializeField]\nprivate string[] m_Spawns ","scope":"VrGamesDev.DDuA.Examples.VRG_Spawner","comments":{"summary":"The array of the items to spawn, it should be an address name valid"}},"VrGamesDev.DDuA.Examples.VRG_Spawner.m_Duration":{"signature":"VrGamesDev.DDuA.Examples.VRG_Spawner.m_Duration","childcount":0,"type":"Field","name":"m_Duration","token":"[Tooltip(\"The random duration range in seconds before it is self-destroyed\")]\n[SerializeField]\nprivate Vector2 m_Duration ","scope":"VrGamesDev.DDuA.Examples.VRG_Spawner","comments":{"summary":"The random duration range in seconds before it is self-destroyed"}},"VrGamesDev.DDuA.Examples.VRG_Spawner.m_SpawnsMax":{"signature":"VrGamesDev.DDuA.Examples.VRG_Spawner.m_SpawnsMax","childcount":0,"type":"Field","name":"m_SpawnsMax","token":"[Tooltip(\"The number of items per spawn\")]\n[SerializeField]\nprivate int m_SpawnsMax ","scope":"VrGamesDev.DDuA.Examples.VRG_Spawner","comments":{"summary":"The number of items per spawn"}},"VrGamesDev.DDuA.Examples.VRG_Exploder2D":{"signature":"VrGamesDev.DDuA.Examples.VRG_Exploder2D","childcount":1,"type":"Class","name":"VRG_Exploder2D","token":"public class VRG_Exploder2D : VRG_Base ","scope":"VrGamesDev.DDuA.Examples","comments":{"summary":"This class activates when a player touch a box,\n     * Destroy the box\n     * Activate the explosion\n     * Display the UI"}},"VrGamesDev.DDuA.Examples.VRG_MoveAndUse":{"signature":"VrGamesDev.DDuA.Examples.VRG_MoveAndUse","childcount":25,"type":"Class","name":"VRG_MoveAndUse","token":"public class VRG_MoveAndUse : VRG_Base ","scope":"VrGamesDev.DDuA.Examples","comments":{"summary":"This class use prefabs to preload the cratepink, a unity standard assets element\n     to use it later and manipulate it to add a sprite, and a explosion\n     \n     It also instantiate many elements from standard assets and access them from\n     <a href=\"index.html#VrGamesDev.DDuA.VRG_Scene\">VRG_Scene</a> with the <a href=\"index.html#VrGamesDev.DDuA.VRG_Instantiate.GetGO(string)\">GetGo() method</a>.\n     \n     These elements are moved, activated and manipulated to show how to create\n     rich iteractions to create good games using addressables."}},"VrGamesDev.DDuA.Examples.VRG_MoveAndUse.m_VRG_Scene":{"signature":"VrGamesDev.DDuA.Examples.VRG_MoveAndUse.m_VRG_Scene","childcount":0,"type":"Field","name":"m_VRG_Scene","token":"[Tooltip(\"The VRG_Scene that will get the addressables this.m_VRG_Scene.GetGO()\")]\n[SerializeField]\nprivate VRG_Scene m_VRG_Scene ","scope":"VrGamesDev.DDuA.Examples.VRG_MoveAndUse","comments":{"summary":"The VRG_Scene that will get the addressables this.m_VRG_Scene.GetGO()"}},"VrGamesDev.DDuA.Examples.VRG_MoveAndUse.m_MaxCratesToFinish":{"signature":"VrGamesDev.DDuA.Examples.VRG_MoveAndUse.m_MaxCratesToFinish","childcount":0,"type":"Field","name":"m_MaxCratesToFinish","token":"[Tooltip(\"The amount of crates to finish the microgame\")]\n[SerializeField]\nprivate int m_MaxCratesToFinish ","scope":"VrGamesDev.DDuA.Examples.VRG_MoveAndUse","comments":{"summary":"The amount of crates to finish the microgame"}},"VrGamesDev.DDuA.Examples.VRG_MoveAndUse.m_CratePinkSprite":{"signature":"VrGamesDev.DDuA.Examples.VRG_MoveAndUse.m_CratePinkSprite","childcount":0,"type":"Field","name":"m_CratePinkSprite","token":"[Tooltip(\"The wooden box sprite\")]\n[SerializeField]\nprivate Sprite m_CratePinkSprite ","scope":"VrGamesDev.DDuA.Examples.VRG_MoveAndUse","comments":{"summary":"The wooden box sprite"}},"VrGamesDev.DDuA.Examples.VRG_MoveAndUse.m_UiCanvas":{"signature":"VrGamesDev.DDuA.Examples.VRG_MoveAndUse.m_UiCanvas","childcount":0,"type":"Field","name":"m_UiCanvas","token":"[Tooltip(\"The Canvas, it has the numbers that appears when you destroy a box\")]\n[SerializeField]\nprivate GameObject m_UiCanvas ","scope":"VrGamesDev.DDuA.Examples.VRG_MoveAndUse","comments":{"summary":"The Canvas, it has the numbers that appears when you destroy a box"}},"VrGamesDev.DDuA.Examples.VRG_MoveAndUse.m_UiNumbers":{"signature":"VrGamesDev.DDuA.Examples.VRG_MoveAndUse.m_UiNumbers","childcount":0,"type":"Field","name":"m_UiNumbers","token":"[Tooltip(\"The UI numbers when a Crate is destroyed\")]\n[SerializeField]\nprivate GameObject[] m_UiNumbers ","scope":"VrGamesDev.DDuA.Examples.VRG_MoveAndUse","comments":{"summary":"The UI elements when a Crate is destroyed"}},"VrGamesDev.DDuA.Examples.VRG_MoveAndUse.m_CratePinks":{"signature":"VrGamesDev.DDuA.Examples.VRG_MoveAndUse.m_CratePinks","childcount":0,"type":"Field","name":"m_CratePinks","token":"[Tooltip(\"The Crate to spawn and their coordinates in the world\")]\n[SerializeField]\nprivate Vector2[] m_CratePinks ","scope":"VrGamesDev.DDuA.Examples.VRG_MoveAndUse","comments":{"summary":"The crates to spawn and their coordinates in the world"}},"VrGamesDev.DDuA.Examples.VRG_MoveAndUse.DestroyBox()":{"signature":"VrGamesDev.DDuA.Examples.VRG_MoveAndUse.DestroyBox()","childcount":0,"type":"Method","name":"DestroyBox","token":"public static void DestroyBox()","scope":"VrGamesDev.DDuA.Examples.VRG_MoveAndUse","comments":{"summary":"Show the UI of the destroyed box, and game over when the crate limit is reached"}},"VrGamesDev.DDuA":{"signature":"VrGamesDev.DDuA","childcount":9,"type":"Namespace","name":"VrGamesDev.DDuA","token":"namespace VrGamesDev.DDuA","scope":"","comments":{"summary":"When you create a light app, you also increase the user retention and the initial download size.<br></br>\n Generating better effective cost per click, cost per Mille and your cost per acquisition<br></br>\n Download the content as your application needs it.<br></br>\n You only need to upload the changes of the assets you modify, <strong>EASIER</strong> and <strong>FASTER</strong> dev cycle iterations."}},"VrGamesDev.DDuA.VRG_Carousel":{"signature":"VrGamesDev.DDuA.VRG_Carousel","childcount":4,"type":"Class","name":"VRG_Carousel","token":"public class VRG_Carousel : VRG_Base ","scope":"VrGamesDev.DDuA","comments":{"summary":"This class control the time to wait for seconds duration\n     of the carousel and return to the main loop"}},"VrGamesDev.DDuA.VRG_Carousel.m_LoadSceneWhenReady":{"signature":"VrGamesDev.DDuA.VRG_Carousel.m_LoadSceneWhenReady","childcount":0,"type":"Field","name":"m_LoadSceneWhenReady","token":"[SerializeField]\nprivate bool m_LoadSceneWhenReady ","scope":"VrGamesDev.DDuA.VRG_Carousel","comments":{"summary":"On TRUE: When the scene is ready, load instantly\n         On FALSE: Load when the m_Delay is over"}},"VrGamesDev.DDuA.VRG_Carousel.m_Delay":{"signature":"VrGamesDev.DDuA.VRG_Carousel.m_Delay","childcount":0,"type":"Field","name":"m_Delay","token":"[Tooltip(\"From Remote: The setting that will decide if it is saved or not \")]\n[SerializeField]\nprivate float m_Delay ","scope":"VrGamesDev.DDuA.VRG_Carousel","comments":{"summary":"The delay in seconds to wait before it try to load the scene\n         0 seconds is infinite delay time"}},"VrGamesDev.DDuA.VRG_Core":{"signature":"VrGamesDev.DDuA.VRG_Core","childcount":72,"type":"Class","name":"VRG_Core","token":"public class VRG_Core : VRG_Instantiate ","scope":"VrGamesDev.DDuA","comments":{"summary":"This class is the core that controls the whole Addressable system\n     \n     - Download and play the Carousel\n     - Reads the data from VRG_remote and start the download of the singletons modules\n     - Gets the scenes and their prefab data from the addressable server/cache\n     - Inform the player with a loading bar what is happening behind curtain"}},"VrGamesDev.DDuA.VRG_Core.m_Settings_Carousels":{"signature":"VrGamesDev.DDuA.VRG_Core.m_Settings_Carousels","childcount":0,"type":"Field","name":"m_Settings_Carousels","token":"[Header(\"From: Remote Settings\")]\n[Tooltip(\"From Remote: The remote variable that host the list of the Carousels\")]\n[SerializeField]\nprivate string m_Settings_Carousels ","scope":"VrGamesDev.DDuA.VRG_Core","comments":{"summary":"From Remote: The remote variable that host the list of the Carousels"}},"VrGamesDev.DDuA.VRG_Core.m_Settings_Singletons":{"signature":"VrGamesDev.DDuA.VRG_Core.m_Settings_Singletons","childcount":0,"type":"Field","name":"m_Settings_Singletons","token":"[Tooltip(\"From Remote: All the Prefab and singletons, it is useful to get all instantiated\")]\n[SerializeField]\nprivate string m_Settings_Singletons ","scope":"VrGamesDev.DDuA.VRG_Core","comments":{"summary":"From Remote: All the Prefab and singletons, it is useful to get all instantiated"}},"VrGamesDev.DDuA.VRG_Core.m_Settings_Scenes":{"signature":"VrGamesDev.DDuA.VRG_Core.m_Settings_Scenes","childcount":0,"type":"Field","name":"m_Settings_Scenes","token":"[Tooltip(\"From Remote: All the scenes in game, it will predownload all of them, the first one will be the home\")]\n[SerializeField]\nprivate string m_Settings_Scenes ","scope":"VrGamesDev.DDuA.VRG_Core","comments":{"summary":"From Remote: All the scenes in game, it will predownload all of them, the first one will be the home"}},"VrGamesDev.DDuA.VRG_Core.m_Settings_Downloads":{"signature":"VrGamesDev.DDuA.VRG_Core.m_Settings_Downloads","childcount":0,"type":"Field","name":"m_Settings_Downloads","token":"[Tooltip(\"From Remote: The remote variable that host the list of the Carousels\")]\n[SerializeField]\nprivate string m_Settings_Downloads ","scope":"VrGamesDev.DDuA.VRG_Core","comments":{"summary":"From Remote: The remote variable that host the list of the Carousels"}},"VrGamesDev.DDuA.VRG_Core.m_DownloadBox":{"signature":"VrGamesDev.DDuA.VRG_Core.m_DownloadBox","childcount":0,"type":"Field","name":"m_DownloadBox","token":"[Tooltip(\"The Parent object that contains the Loading bar and the download info\")]\n[SerializeField]\nprivate GameObject m_DownloadBox ","scope":"VrGamesDev.DDuA.VRG_Core","comments":{"summary":"The Parent object that contains the Loading bar and the download info"}},"VrGamesDev.DDuA.VRG_Core.m_UiDownloadStatus":{"signature":"VrGamesDev.DDuA.VRG_Core.m_UiDownloadStatus","childcount":0,"type":"Field","name":"m_UiDownloadStatus","token":"[Tooltip(\"Status that inform the player what is going in\")]\n[SerializeField]\nprivate Text m_UiDownloadStatus ","scope":"VrGamesDev.DDuA.VRG_Core","comments":{"summary":"Status that inform the player what is going in"}},"VrGamesDev.DDuA.VRG_Core.m_UiInternetNetwork":{"signature":"VrGamesDev.DDuA.VRG_Core.m_UiInternetNetwork","childcount":0,"type":"Field","name":"m_UiInternetNetwork","token":"[Tooltip(\"Internet network status and tries to get the bytes\")]\n[SerializeField]\nprivate Text m_UiInternetNetwork ","scope":"VrGamesDev.DDuA.VRG_Core","comments":{"summary":"Internet network status and tries to get the bytes"}},"VrGamesDev.DDuA.VRG_Core.m_UiSlider":{"signature":"VrGamesDev.DDuA.VRG_Core.m_UiSlider","childcount":0,"type":"Field","name":"m_UiSlider","token":"[Tooltip(\"The slider progress bar\")]\n[SerializeField]\nprivate Slider m_UiSlider ","scope":"VrGamesDev.DDuA.VRG_Core","comments":{"summary":"The slider progress bar"}},"VrGamesDev.DDuA.VRG_Core.m_UiButton":{"signature":"VrGamesDev.DDuA.VRG_Core.m_UiButton","childcount":0,"type":"Field","name":"m_UiButton","token":"[Tooltip(\"The accept button, it allows to go to scene\")]\n[SerializeField]\nprivate Image m_UiButton ","scope":"VrGamesDev.DDuA.VRG_Core","comments":{"summary":"The accept button, it allows to go to scene"}},"VrGamesDev.DDuA.VRG_Core.m_UiButtonText":{"signature":"VrGamesDev.DDuA.VRG_Core.m_UiButtonText","childcount":0,"type":"Field","name":"m_UiButtonText","token":"[Tooltip(\"Is there a progress in progress? (Pun intended)\")]\n[SerializeField]\nprivate string m_UiButtonText ","scope":"VrGamesDev.DDuA.VRG_Core","comments":{"summary":"Is there a progress in progress? (Pun intended)"}},"VrGamesDev.DDuA.VRG_Core.m_UiPercentage":{"signature":"VrGamesDev.DDuA.VRG_Core.m_UiPercentage","childcount":0,"type":"Field","name":"m_UiPercentage","token":"[Tooltip(\"The download persentage text\")]\n[SerializeField]\nprivate Text m_UiPercentage ","scope":"VrGamesDev.DDuA.VRG_Core","comments":{"summary":"The download persentage text"}},"VrGamesDev.DDuA.VRG_Core.m_VRG_Fader":{"signature":"VrGamesDev.DDuA.VRG_Core.m_VRG_Fader","childcount":0,"type":"Field","name":"m_VRG_Fader","token":"[Tooltip(\"Luke, I'm your Fader\")]\n[SerializeField]\nprivate VRG_Fader m_VRG_Fader ","scope":"VrGamesDev.DDuA.VRG_Core","comments":{"summary":"Luke, I'm your Fader"}},"VrGamesDev.DDuA.VRG_Core.m_DelayBetweenDownloads":{"signature":"VrGamesDev.DDuA.VRG_Core.m_DelayBetweenDownloads","childcount":0,"type":"Field","name":"m_DelayBetweenDownloads","token":"[Header(\"From: Downloads\")]\n[Tooltip(\"The default time to pre download assets\")]\n[SerializeField]\nprivate float m_DelayBetweenDownloads ","scope":"VrGamesDev.DDuA.VRG_Core","comments":{"summary":"The default time to pre download assets"}},"VrGamesDev.DDuA.VRG_Core.OnDownload":{"signature":"VrGamesDev.DDuA.VRG_Core.OnDownload","childcount":0,"type":"Field","name":"OnDownload","token":"public static event Action OnDownload ","scope":"VrGamesDev.DDuA.VRG_Core","comments":{"summary":"Public Event: Trigers WHEN = A set of Addressables is finished and fully downloaded"}},"VrGamesDev.DDuA.VRG_Core.OnSceneUnload":{"signature":"VrGamesDev.DDuA.VRG_Core.OnSceneUnload","childcount":0,"type":"Field","name":"OnSceneUnload","token":"public static event Action OnSceneUnload ","scope":"VrGamesDev.DDuA.VRG_Core","comments":{"summary":"Public Event: Trigers WHEN = The scene is unloaded and it is over"}},"VrGamesDev.DDuA.VRG_Core.OnSceneActivated":{"signature":"VrGamesDev.DDuA.VRG_Core.OnSceneActivated","childcount":0,"type":"Field","name":"OnSceneActivated","token":"public static event Action OnSceneActivated ","scope":"VrGamesDev.DDuA.VRG_Core","comments":{"summary":"Public Event: Trigers WHEN = The scene is loaded and activated"}},"VrGamesDev.DDuA.VRG_Core.SetStatus(string)":{"signature":"VrGamesDev.DDuA.VRG_Core.SetStatus(string)","childcount":0,"type":"Method","name":"SetStatus","token":"public static void SetStatus(string valueLocal)","scope":"VrGamesDev.DDuA.VRG_Core","comments":{"summary":"Show and display the status into the local text"},"params":{"valueLocal":"string"}},"VrGamesDev.DDuA.VRG_Core.CheckScene()":{"signature":"VrGamesDev.DDuA.VRG_Core.CheckScene()","childcount":0,"type":"Method","name":"CheckScene","token":"public static void CheckScene()","scope":"VrGamesDev.DDuA.VRG_Core","comments":{"summary":"this function decide if it creates a new Carousel asset or"}},"VrGamesDev.DDuA.VRG_Core.Download(List<VRG_Addressable>)":{"signature":"VrGamesDev.DDuA.VRG_Core.Download(List<VRG_Addressable>)","childcount":0,"type":"Method","name":"Download","token":"public static void Download(List<VRG_Addressable> valueLocal)","scope":"VrGamesDev.DDuA.VRG_Core","comments":{"summary":"Public method Overload: Download a list of Addressable, every single Addressable decide if it is Instantiated"},"params":{"valueLocal":"List<VRG_Addressable>"}},"VrGamesDev.DDuA.VRG_Core.Download(string)":{"signature":"VrGamesDev.DDuA.VRG_Core.Download(string)","childcount":0,"type":"Method","name":"Download","token":"public static void Download(string valueLocal)","scope":"VrGamesDev.DDuA.VRG_Core","comments":{"summary":"Public method Overload: Download a singe Addressable by name, it is NOT Instantiated"},"params":{"valueLocal":"string"}},"VrGamesDev.DDuA.VRG_Core.SetProgress(float, float, bool)":{"signature":"VrGamesDev.DDuA.VRG_Core.SetProgress(float, float, bool)","childcount":0,"type":"Method","name":"SetProgress","token":"public static void SetProgress(float valueLocal, float totalLocal, bool progressTry)","scope":"VrGamesDev.DDuA.VRG_Core","comments":{"summary":"overload function: Display in the slider the progress, this  resets the tries to 0"},"params":{"valueLocal":"float","totalLocal":"float","progressTry":"bool"}},"VrGamesDev.DDuA.VRG_Core.SetProgress(float, float)":{"signature":"VrGamesDev.DDuA.VRG_Core.SetProgress(float, float)","childcount":0,"type":"Method","name":"SetProgress","token":"public static void SetProgress(float valueLocal, float totalLocal)","scope":"VrGamesDev.DDuA.VRG_Core","comments":{"summary":"overload function: Display in the slider the progress with valueLocal as percentage of totalLocal"},"params":{"valueLocal":"float","totalLocal":"float"}},"VrGamesDev.DDuA.VRG_Core.SetSceneAutoLoad(bool)":{"signature":"VrGamesDev.DDuA.VRG_Core.SetSceneAutoLoad(bool)","childcount":0,"type":"Method","name":"SetSceneAutoLoad","token":"public static void SetSceneAutoLoad(bool valueLocal)","scope":"VrGamesDev.DDuA.VRG_Core","comments":{"summary":"Set if you need to autoload when the scene is ready"},"params":{"valueLocal":"bool"}},"VrGamesDev.DDuA.VRG_Core.Scene(string)":{"signature":"VrGamesDev.DDuA.VRG_Core.Scene(string)","childcount":0,"type":"Method","name":"Scene","token":"public static void Scene(string valueLocal)","scope":"VrGamesDev.DDuA.VRG_Core","comments":{"summary":"Funtion that instantiate the valueLocal Scene"},"params":{"valueLocal":"string"}},"VrGamesDev.DDuA.VRG_Core.SceneLoaded()":{"signature":"VrGamesDev.DDuA.VRG_Core.SceneLoaded()","childcount":0,"type":"Method","name":"SceneLoaded","token":"public static void SceneLoaded()","scope":"VrGamesDev.DDuA.VRG_Core","comments":{"summary":"Function that receive the notification that scene is ready itself"}},"VrGamesDev.DDuA.VRG_Init":{"signature":"VrGamesDev.DDuA.VRG_Init","childcount":11,"type":"Class","name":"VRG_Init","token":"public class VRG_Init : VRG_Base ","scope":"VrGamesDev.DDuA","comments":{"summary":"This class is the main loader it loads the VRG_core and the HAK systems\n     it also waits if there is no internet until a conection is available"}},"VrGamesDev.DDuA.VRG_Init.m_CheckForInternetDelay":{"signature":"VrGamesDev.DDuA.VRG_Init.m_CheckForInternetDelay","childcount":0,"type":"Field","name":"m_CheckForInternetDelay","token":"[Header(\"From: Remote\")]\n[Tooltip(\"The delay wait for seconds to check for internet again\")]\n[SerializeField]\nprivate float m_CheckForInternetDelay ","scope":"VrGamesDev.DDuA.VRG_Init","comments":{"summary":"The delay wait for seconds to check for internet again"}},"VrGamesDev.DDuA.VRG_Init.m_InternetStatus":{"signature":"VrGamesDev.DDuA.VRG_Init.m_InternetStatus","childcount":0,"type":"Field","name":"m_InternetStatus","token":"private bool m_InternetStatus ","scope":"VrGamesDev.DDuA.VRG_Init"},"VrGamesDev.DDuA.VRG_Init.m_NoInternetBox":{"signature":"VrGamesDev.DDuA.VRG_Init.m_NoInternetBox","childcount":0,"type":"Field","name":"m_NoInternetBox","token":"[Header(\"From: UI\")]\n[Tooltip(\"UI component: NO internet message\")]\n[SerializeField]\nprivate GameObject m_NoInternetBox ","scope":"VrGamesDev.DDuA.VRG_Init","comments":{"summary":"UI component: NO internet message"}},"VrGamesDev.DDuA.VRG_Init.m_Status":{"signature":"VrGamesDev.DDuA.VRG_Init.m_Status","childcount":0,"type":"Field","name":"m_Status","token":"[Tooltip(\"Status message, this display what is happening to the user\")]\n[SerializeField]\nprivate Text m_Status ","scope":"VrGamesDev.DDuA.VRG_Init","comments":{"summary":"UI component: Status message, this display what is happening to the user"}},"VrGamesDev.DDuA.VRG_Instantiate":{"signature":"VrGamesDev.DDuA.VRG_Instantiate","childcount":11,"type":"Class","name":"VRG_Instantiate","token":"public class VRG_Instantiate : VRG_Base ","scope":"VrGamesDev.DDuA","comments":{"summary":"This class Instantiate addressables that are already loaded and downloaded\n     It also provides the GameObject that was instantiated"}},"VrGamesDev.DDuA.VRG_Instantiate.GetGO(string)":{"signature":"VrGamesDev.DDuA.VRG_Instantiate.GetGO(string)","childcount":0,"type":"Method","name":"GetGO","token":"public GameObject GetGO(string valueLocal)","scope":"VrGamesDev.DDuA.VRG_Instantiate","comments":{"summary":"Retrieve the GameObject from the \"valueLocal\" addressable","returns":"A game object reference","param-valueLocal":"The address of the game object"},"params":{"valueLocal":"string"}},"VrGamesDev.DDuA.VRG_LoadScene":{"signature":"VrGamesDev.DDuA.VRG_LoadScene","childcount":6,"type":"Class","name":"VRG_LoadScene","token":"public class VRG_LoadScene : VRG_Base ","scope":"VrGamesDev.DDuA","comments":{"summary":"This class simply allows the user to load\n     new scene using Addressables, including itself"}},"VrGamesDev.DDuA.VRG_LoadScene.m_NextFrame":{"signature":"VrGamesDev.DDuA.VRG_LoadScene.m_NextFrame","childcount":0,"type":"Field","name":"m_NextFrame","token":"[Tooltip(\"Useful if you are running Coroutines, you allow the current frame cycle to finish\")]\n[SerializeField]\nprivate bool m_NextFrame ","scope":"VrGamesDev.DDuA.VRG_LoadScene","comments":{"summary":"TRUE: Useful if you are running Coroutines, you allow the current frame cycle to finish\n         FALSE: You will load the scene inmediatly"}},"VrGamesDev.DDuA.VRG_LoadScene.m_Delay":{"signature":"VrGamesDev.DDuA.VRG_LoadScene.m_Delay","childcount":0,"type":"Field","name":"m_Delay","token":"[SerializeField]\nprivate float m_Delay ","scope":"VrGamesDev.DDuA.VRG_LoadScene","comments":{"summary":"Time to delay (in seconds) the load of the new scene"}},"VrGamesDev.DDuA.VRG_LoadScene.m_Scene":{"signature":"VrGamesDev.DDuA.VRG_LoadScene.m_Scene","childcount":0,"type":"Field","name":"m_Scene","token":"[Tooltip(\"The name of the new scene to load, [RELOAD SCENE] = reload Itself\")]\n[SerializeField]\n[SceneName]\nprivate string m_Scene ","scope":"VrGamesDev.DDuA.VRG_LoadScene","comments":{"summary":"The name of the new scene to load, [RELOAD SCENE] = reload Itself"}},"VrGamesDev.DDuA.VRG_LoadScene.m_Carousel":{"signature":"VrGamesDev.DDuA.VRG_LoadScene.m_Carousel","childcount":0,"type":"Field","name":"m_Carousel","token":"[Tooltip(\"When the scene is fully loaded this is the array of Gameobjects to activate\")]\n[SerializeField]\nprivate string m_Carousel ","scope":"VrGamesDev.DDuA.VRG_LoadScene","comments":{"summary":"When the scene is fully loaded this is the array of Gameobjects to activate"}},"VrGamesDev.DDuA.VRG_Scene":{"signature":"VrGamesDev.DDuA.VRG_Scene","childcount":11,"type":"Class","name":"VRG_Scene","token":"public class VRG_Scene : VRG_Instantiate ","scope":"VrGamesDev.DDuA","comments":{"summary":"This class controls de flow of the scene loaded asynchronous\n     it reads the data from remote and start the scene elements\n     when the VRG_Carousel is ready to load ¡t"}},"VrGamesDev.DDuA.VRG_Scene.m_VRG_Init":{"signature":"VrGamesDev.DDuA.VRG_Scene.m_VRG_Init","childcount":0,"type":"Field","name":"m_VRG_Init","token":"[Header(\"From: VRG_Scene\")]\n[Tooltip(\"The name of the scene that contains the VRG_Init object, by default tries to load the 'Main' scene\")]\n[SerializeField]\n[SceneName]\nprivate string m_VRG_Init ","scope":"VrGamesDev.DDuA.VRG_Scene","comments":{"summary":"The name of the scene that contains the VRG_Init object, by default tries to load the \"Main\" scene"}},"VrGamesDev.DDuA.VRG_Scene.m_PreLoad":{"signature":"VrGamesDev.DDuA.VRG_Scene.m_PreLoad","childcount":0,"type":"Field","name":"m_PreLoad","token":"[Tooltip(\"Add addressables to this array, this array will be downloaded but instanciated\")]\n[SerializeField]\nprivate string[] m_PreLoad ","scope":"VrGamesDev.DDuA.VRG_Scene","comments":{"summary":"Add addressables to this array, this array will be downloaded but instanciated"}},"VrGamesDev.DDuA.VRG_Scene.m_Activate":{"signature":"VrGamesDev.DDuA.VRG_Scene.m_Activate","childcount":0,"type":"Field","name":"m_Activate","token":"[Tooltip(\"When the scene is fully loaded this is the array of Gameobjects to activate\")]\n[SerializeField]\nprivate GameObject[] m_Activate ","scope":"VrGamesDev.DDuA.VRG_Scene","comments":{"summary":"When the scene is fully loaded this is the array of Gameobjects to activate"}},"VrGamesDev.Logs":{"signature":"VrGamesDev.Logs","childcount":2,"type":"Namespace","name":"VrGamesDev.Logs","token":"namespace VrGamesDev.Logs","scope":"","comments":{"summary":"BEL Namespace, Beautiful Expert Logs, get the most useful and well documented logs to track bugs.You can custom:<br></br>\r\n - The level of verbosity,\r\n - Where and how they will be saved,\r\n - and the Html visuals,<br></br>\r\n By default is in a preconfigured folder. You can find the Logs, in the “[Your-project's-name] / LogsLocal / [Your-project's-name].html\""}},"VrGamesDev.Logs.VRG_LogsBuffer":{"signature":"VrGamesDev.Logs.VRG_LogsBuffer","childcount":4,"type":"Struct","name":"VRG_LogsBuffer","token":"[System.Serializable]\npublic struct VRG_LogsBuffer ","scope":"VrGamesDev.Logs","comments":{"summary":"This struct saves the logs events while the system is fully loaded"}},"VrGamesDev.Logs.VRG_LogsBuffer.time":{"signature":"VrGamesDev.Logs.VRG_LogsBuffer.time","childcount":0,"type":"Field","name":"time","token":"public string time ","scope":"VrGamesDev.Logs.VRG_LogsBuffer","comments":{"summary":"The timestamp when the logs tried to save the information, you configure it in the <a href=\"index.html#VrGamesDev.Logs.VRG_LogsBuffer.VRG_LogsBuffer(string,%20string,%20ENUM_Verbose)\">Basic constructor</a>"}},"VrGamesDev.Logs.VRG_LogsBuffer.value":{"signature":"VrGamesDev.Logs.VRG_LogsBuffer.value","childcount":0,"type":"Field","name":"value","token":"public string value ","scope":"VrGamesDev.Logs.VRG_LogsBuffer","comments":{"summary":"The value of the message, you configure it in the <a href=\"index.html#VrGamesDev.Logs.VRG_LogsBuffer.VRG_LogsBuffer(string,%20string,%20ENUM_Verbose)\">Basic constructor</a>"}},"VrGamesDev.Logs.VRG_LogsBuffer.verbose":{"signature":"VrGamesDev.Logs.VRG_LogsBuffer.verbose","childcount":0,"type":"Field","name":"verbose","token":"public ENUM_Verbose verbose ","scope":"VrGamesDev.Logs.VRG_LogsBuffer","comments":{"summary":"The level of verbosing, you configure it in the <a href=\"index.html#VrGamesDev.Logs.VRG_LogsBuffer.VRG_LogsBuffer(string,%20string,%20ENUM_Verbose)\">Basic constructor</a>"}},"VrGamesDev.Logs.VRG_LogsBuffer.VRG_LogsBuffer(string, string, ENUM_Verbose)":{"signature":"VrGamesDev.Logs.VRG_LogsBuffer.VRG_LogsBuffer(string, string, ENUM_Verbose)","childcount":0,"type":"Constructor","name":"VRG_LogsBuffer","token":"public  VRG_LogsBuffer(string timeLocal, string valueLocal, ENUM_Verbose verboseLocal)","scope":"VrGamesDev.Logs.VRG_LogsBuffer","comments":{"summary":"Basic Constructor","param-timeLocal":"<a href=\"index.html#VrGamesDev.Logs.VRG_LogsBuffer.time\">Class property this.time</a>","param-valueLocal":"<a href=\"index.html#VrGamesDev.Logs.VRG_LogsBuffer.value\">Class property this.value</a>","param-verboseLocal":"<a href=\"index.html#VrGamesDev.Logs.VRG_LogsBuffer.verbose\">Class property this.verbose</a>"},"params":{"timeLocal":"string","valueLocal":"string","verboseLocal":"ENUM_Verbose"}},"VrGamesDev.Logs.VRG_Logs":{"signature":"VrGamesDev.Logs.VRG_Logs","childcount":23,"type":"Class","name":"VRG_Logs","token":"public class VRG_Logs : VRG_Base ","scope":"VrGamesDev.Logs","comments":{"summary":"This class save to a file in a folder the logs for easier\n     debug it is controlled by the Remote settings to start it needs the\n     VRG_Remote singleton"}},"VrGamesDev.Logs.VRG_Logs.m_Excludes":{"signature":"VrGamesDev.Logs.VRG_Logs.m_Excludes","childcount":0,"type":"Field","name":"m_Excludes","token":"[Tooltip(\"This methods will not be logged, they will be excluded\")]\n[SerializeField]\nprivate string[] m_Excludes ","scope":"VrGamesDev.Logs.VRG_Logs","comments":{"summary":"This methods will not be logged, they will be excluded"}},"VrGamesDev.Logs.VRG_Logs.m_SettingsVerbose":{"signature":"VrGamesDev.Logs.VRG_Logs.m_SettingsVerbose","childcount":0,"type":"Field","name":"m_SettingsVerbose","token":"[Tooltip(\"FROM VRG_Remote: The verbose Level; 0 is muted\")]\n[SerializeField]\nprivate string m_SettingsVerbose ","scope":"VrGamesDev.Logs.VRG_Logs","comments":{"summary":"FROM VRG_Remote: The verbose Level; 0 is muted"}},"VrGamesDev.Logs.VRG_Logs.m_SettingsMode":{"signature":"VrGamesDev.Logs.VRG_Logs.m_SettingsMode","childcount":0,"type":"Field","name":"m_SettingsMode","token":"[Tooltip(\"FROM VRG_Remote: The append mode\")]\n[SerializeField]\nprivate string m_SettingsMode ","scope":"VrGamesDev.Logs.VRG_Logs","comments":{"summary":"FROM VRG_Remote: The name of the file log is the project name, The append mode is defined as.-\n         0 = It doesn’t append new logs, just one log is saved (the last one).\r\n         1 = It does append, every run is logged one after another. (it gets bulky after a while)\r\n         2 = The name of the file log is the project name with the datetime, so every run is in a diferent file. (you will get a lot of files quick)"}},"VrGamesDev.Logs.VRG_Logs.m_SettingsDirectory":{"signature":"VrGamesDev.Logs.VRG_Logs.m_SettingsDirectory","childcount":0,"type":"Field","name":"m_SettingsDirectory","token":"[Tooltip(\"FROM VRG_Remote: This is the folder where the log(s) files will be saved\")]\n[SerializeField]\nprivate string m_SettingsDirectory ","scope":"VrGamesDev.Logs.VRG_Logs","comments":{"summary":"FROM VRG_Remote: This is the folder where the log(s) files will be saved, by default is “LogsLocal”."}},"VrGamesDev.Logs.VRG_Logs.m_ColorFont":{"signature":"VrGamesDev.Logs.VRG_Logs.m_ColorFont","childcount":0,"type":"Field","name":"m_ColorFont","token":"[Tooltip(\"Font default color\")]\n[SerializeField]\nprivate string m_ColorFont ","scope":"VrGamesDev.Logs.VRG_Logs","comments":{"summary":"Font default color"}},"VrGamesDev.Logs.VRG_Logs.m_ColorDefault":{"signature":"VrGamesDev.Logs.VRG_Logs.m_ColorDefault","childcount":0,"type":"Field","name":"m_ColorDefault","token":"[Tooltip(\"Row default color\")]\n[SerializeField]\nprivate string m_ColorDefault ","scope":"VrGamesDev.Logs.VRG_Logs","comments":{"summary":"Row default color"}},"VrGamesDev.Logs.VRG_Logs.m_ColorSwitch":{"signature":"VrGamesDev.Logs.VRG_Logs.m_ColorSwitch","childcount":0,"type":"Field","name":"m_ColorSwitch","token":"[Tooltip(\"Row color to switch on update\")]\n[SerializeField]\nprivate string m_ColorSwitch ","scope":"VrGamesDev.Logs.VRG_Logs","comments":{"summary":"Row color to switch on update"}},"VrGamesDev.Logs.VRG_Logs.m_FloatingPointDetail":{"signature":"VrGamesDev.Logs.VRG_Logs.m_FloatingPointDetail","childcount":0,"type":"Field","name":"m_FloatingPointDetail","token":"[Tooltip(\"The level of detail of the floating time\")]\n[SerializeField]\nprivate int m_FloatingPointDetail ","scope":"VrGamesDev.Logs.VRG_Logs","comments":{"summary":"The level of detail of the floating time"}},"VrGamesDev.Logs.VRG_Logs.Instance":{"signature":"VrGamesDev.Logs.VRG_Logs.Instance","childcount":0,"type":"Field","name":"Instance","token":"public static VRG_Logs Instance ","scope":"VrGamesDev.Logs.VRG_Logs","comments":{"summary":"Singleton pattern, Instance is the variable that save the data from every class."}},"VrGamesDev.Logs.VRG_Logs.Do(string, string, ENUM_Verbose)":{"signature":"VrGamesDev.Logs.VRG_Logs.Do(string, string, ENUM_Verbose)","childcount":0,"type":"Method","name":"Do","token":"public static void Do(string valueLocal, string fromWhereLocal, ENUM_Verbose ENUM_VerboseLocal)","scope":"VrGamesDev.Logs.VRG_Logs","comments":{"summary":"Do the work you are supposed to do, Save logs to the file, easy and clean","param-valueLocal":"The string message to send to the log file","param-fromWhereLocal":"Helps to understand who summon the log","param-ENUM_VerboseLocal":"Custom Verbose level, the higher the less likely it will be to be saved"},"params":{"valueLocal":"string","fromWhereLocal":"string","ENUM_VerboseLocal":"ENUM_Verbose"}},"VrGamesDev.Localization":{"signature":"VrGamesDev.Localization","childcount":1,"type":"Namespace","name":"VrGamesDev.Localization","token":"namespace VrGamesDev.Localization","scope":"","comments":{"summary":"Easiest localization, you edit and create your text, labels, and UI in a google sheet\n and have a multilanguage game"}},"VrGamesDev.Localization.VRG_Localization":{"signature":"VrGamesDev.Localization.VRG_Localization","childcount":0,"type":"Class","name":"VRG_Localization","token":"public class VRG_Localization : MonoBehaviour ","scope":"VrGamesDev.Localization","comments":{"summary":"... In Progress"}}}